[{"nome":"matheus",
   "senha":123456,
   "idade":18,
   "carrinho_de_compras":"vazio"},
   {"nome":"maria",
   "senha":567890,
   "idade":20,
   "carrinho_de_compras":"vazio"}]



                        
{
    "message": "Count: 24",
    "cod": "200",
    "city_id": 4298960,
    "calctime": 0.00297316,
    "cnt": 24,
    "list": [
    {
    "dt": 1578384000,
    "main": {
      "temp": 275.45,
      "feels_like": 271.7,
      "pressure": 1014,
      "humidity": 74,
      "temp_min": 274.26,
      "temp_max": 276.48
    },
    "wind": {
      "speed": 2.16,
      "deg": 87
    },
    "clouds": {
      "all": 90
    },
    "weather": [
      {
        "id": 501,
        "main": "Rain",
        "description": "moderate rain",
        "icon": "10n"
      }
    ],
    "rain": {
      "1h": 0.9
    }
 },
 ....
                      
                   
